,지역,지역구,카페명,주소,위도,경도,파일명,1번 색,2번 색,3번 색,4번 색,5번 색
0,서서울,은평,스모어,서울 은평구 연서로29길 8-8,37.6189525,126.9196972,ws_ep_01.png,dbd6cc,c7b29a,231a14,ab8f73,644f3f
1,서서울,은평,필라멘트카페,서울 은평구 통일로 883,37.6217534,126.9194619,ws_ep_02.png,201d1e,9d7653,5f4939,cead7d,e7e4cf
2,서서울,은평,HUGA,서울 은평구 진관2로 19,37.634753,126.9197743,ws_ep_03.png,36a17c,8ebda8,e5e7df,6f6c49,272b15
3,서서울,은평,YM Coffee Project,서울 은평구 연서로29길 21-8,37.61909489999999,126.9175418,ws_ep_04.png,cab9ab,e9dfd8,403126,af8b6d,84634c
4,서서울,은평,카페달력,서울 은평구 연서로18길 28-2,37.6119303,126.9205339,ws_ep_05.png,e8ddd1,d3c0af,b19c89,5a432c,917457
5,서서울,은평,CAFE ASA,서울 은평구 불광천길 338,37.58906810000001,126.9140942,ws_ep_06.png,a29086,795a4d,4e362d,bcb6b1,f0efeb
6,서서울,은평,1인1잔,서울 은평구 연서로 534,37.6190884,126.9235023,ws_ep_07.png,654d3a,251d16,8e8a83,d6dac5,d1843e
7,서서울,은평,카페뤽상부르,서울 은평구 연서로25길 6-11,37.6172218,126.9181467,ws_ep_08.png,91724d,585230,2b2718,bfa788,e9ddcf
8,서서울,은평,Tamnadoda cafe,서울 은평구 통일로83길 5-14,37.620598,126.9187423,ws_ep_09.png,775945,bcb7b1,948a83,272f46,191413
9,서서울,은평,북한산제빵소,서울 은평구 진관동 126-11,37.63948120000001,126.9401428,ws_ep_10.png,321f11,60432a,887b61,a3aaa0,edf6f4
10,서서울,은평,제이츠 커피 브루어스,서울 은평구 연서로25길 20-3,37.6174221,126.91689440000002,ws_ep_11.png,e0dede,b0b0b2,7f7d6d,2c2e28,315d95
11,서서울,은평,슬러프커피,서울 은평구 연서로16길 15-7,37.6097942,126.9184887,ws_ep_12.png,b1a69a,d5d3ce,907963,63503c,2c231b
12,서서울,은평,다용도실,서울 은평구 연서로20길 17,37.6140571,126.9198779,ws_ep_13.png,c1baa9,261b15,977e68,5d4939,edede9
13,서서울,마포,프릳츠 도화점,서울 마포구 새창로2길 17,37.5409755,126.9490468,ws_mp_01.png,110e0b,2e2721,5e5145,a08d78,e4eee7
14,서서울,마포,피오니,서울 마포구 어울마당로 56,37.5499118,126.9212434,ws_mp_02.png,95949f,453f35,86785e,bfb7a4,e6e7e1
15,서서울,마포,앤트러사이트 합정점,서울 마포구 토정로5길 10,37.5458006,126.9183208,ws_mp_03.png,211e1b,776855,494238,a7957a,e1e2d0
16,서서울,마포,카페부라노,서울 마포구 동교로23길 14,37.5568708,126.9208862,ws_mp_04.png,cfcdca,a9a69f,f1f2f4,7d7269,433832
17,서서울,마포,소복 홍대 본점,서울 마포구 어울마당로 58,37.5500661,126.9212695,ws_mp_05.png,dfdfd5,c5bfac,603b12,805f39,a18b6d
18,서서울,마포,허밍벨라,서울 마포구 독막로7길 57,37.5503215,126.91993490000002,ws_mp_06.png,d1c0ab,f0e7d8,a28b79,3c221a,785847
19,서서울,마포,젤라띠젤라띠,서울 마포구 와우산로17길 12,37.5502746,126.9223031,ws_mp_07.png,e1ded8,bcb7ab,3c2f2c,9a9181,705b4b
20,서서울,마포,커피가게동경,서울 마포구 망원로6길 21,37.5559099,126.9035384,ws_mp_08.png,877862,281f12,5a4c38,b3a696,e9e0d6
21,서서울,마포,아오이토리,서울 마포구 와우산로29길 8,37.5547393,126.92943909999998,ws_mp_09.png,32281f,6b533e,c0bcb4,e6eaeb,968572
22,서서울,마포,안티크코코,서울 마포구 독막로 64,37.5475819,126.9204814,ws_mp_10.png,ccb179,a97f3e,2b1d11,664d2e,eee5d0
23,서서울,마포,카페 레드빅,서울 마포구 잔다리로6길 5,37.5521037,126.9194429,ws_mp_11.png,1c1712,996659,574231,d2a78e,faf3e4
24,서서울,마포,카페하이웨스트,서울 마포구 성미산로 167-9,37.5645316,126.9250634,ws_mp_12.png,9e7843,735326,c39c5d,2d1907,fcf4dc
25,서서울,마포,블랑드티,서울 마포구 양화로 61,37.5507622,126.9150317,ws_mp_13.png,8c7b6d,d7d8d7,b2a599,645547,332b2c
26,서서울,서대문,카페 카페,서울 서대문구 연세로12길 19,37.5590079,126.9381633,ws_sdm_01.png,754c27,bfaca4,a58264,2f2616,d9ccd1
27,서서울,서대문,호밀밭,서울 서대문구 신촌역로 43,37.55891210000001,126.9406332,ws_sdm_02.png,301d19,633c29,896957,b89880,ddcbbd
28,서서울,서대문,매뉴팩트커피,서울 서대문구 연희로11길 29,37.56775800000001,126.9295981,ws_sdm_03.png,b5b2ab,21272e,5f514e,94877d,dfdfdc
29,서서울,서대문,어반앨리스,서울 서대문구 이화여대1길 10,37.5576095,126.94490159999998,ws_sdm_04.png,cfbfa7,ad997d,927f65,716049,312f1d
30,서서울,서대문,waffle it up,서울 서대문구 이화여대3길 42-19,37.5582078,126.9432894,ws_sdm_05.png,1f150d,4a331d,8b5312,b39453,e4deb0
31,서서울,서대문,카페페라,서울 서대문구 이화여대8길 2,37.558617,126.9459253,ws_sdm_06.png,27211e,57493c,817166,e6d6c8,b3a194
32,서서울,서대문,보일링팟,서울 서대문구 연세로 42-22,37.55920820000001,126.9382884,ws_sdm_07.png,e6e3e0,cec9c6,1a1b19,a39994,5f5a58
33,서서울,서대문,마호가니,서울 서대문구 연희맛로 45,37.5688266,126.9311834,ws_sdm_08.png,363230,897d70,5f5750,a9a095,e0dfdf
34,서서울,서대문,독수리다방,서울 서대문구 연세로 36,37.5587229,126.9372291,ws_sdm_09.png,261d11,89785e,57452c,b4a488,e2e0ca
35,서서울,서대문,하이드미플리즈,서울 서대문구 통일로39나길 5,37.5884239,126.9430865,ws_sdm_10.png,e3e2e1,928e8b,78695a,b9b8bb,493b2c
36,서서울,서대문,마이디어스윗,서울 서대문구 세검정로 52-10,37.5919658,126.94650590000002,ws_sdm_11.png,dc9889,463322,f3ede3,bc624f,857b70
37,서서울,서대문,로열티하우스,서울 서대문구 충정로 71-5,37.5651589,126.9654212,ws_sdm_12.png,170d06,5c371b,c09363,916035,e9c598
38,서서울,서대문,팝컨테이너,서울 서대문구 명물길 70,37.5588248,126.9400516,ws_sdm_13.png,2f1e29,d6270d,fb8630,d7cabc,8f837e
39,서남,강서,고양이똥,서울 강서구 공항대로59가길 13,37.55200470000001,126.8646271,sw_gs_01.png,1d140c,423121,7d6449,d2e5e7,ddb25a
40,서남,강서,고양이정원,서울 강서구 개화동로19길 18,37.5756508,126.8031032,sw_gs_02.png,c3bfbb,baa385,917a57,c8891b,4c3e13
41,서남,강서,헤븐온탑 김포공항점,서울 강서구 하늘길 38,37.5667733,126.8025118,sw_gs_03.png,3e5047,5c766e,aa9b85,dfcbb3,202417
42,서남,강서,WE Ccafe,서울 강서구 강서로47길 169,37.5534108,126.8267049,sw_gs_04.png,a49991,726560,ddd7d3,c3bbb4,3c312e
43,서남,강서,아임멍,서울 강서구 마곡서로 158,37.568023,126.825098,sw_gs_05.png,2a1e1c,caa993,60483d,9a7b6a,ebd4c4
44,서남,강서,카페숨,서울 강서구 공항대로39길 7,37.5585779,126.8433001,sw_gs_06.png,262116,e4dcc2,6d5434,c9b376,c78637
45,서남,강서,하롱하롱,서울 강서구 마곡서로 152,37.5675429,126.8259872,sw_gs_07.png,867260,b19f90,60493b,d3c9c1,200c07
46,서남,강서,뚜스뚜스,서울 강서구 화곡로 408,37.5595764,126.8547716,sw_gs_08.png,272921,575247,81745f,ae9c82,eee8d4
47,서남,강서,요로콘데,서울 강서구 마곡중앙로 161-1,37.5678801,126.8265667,sw_gs_09.png,8c7b6d,a9a29f,685544,332d29,dfd9d4
48,서남,강서,브루드서울,서울 강서구 마곡중앙로 161-11,37.5678801,126.8265667,sw_gs_10.png,27090a,997461,654035,c8af96,e4e7e2
49,서남,강서,793 플라워팩토리,서울 강서구 마곡중앙8로 90,37.5608125,126.8376875,sw_gs_11.png,2f2214,805527,bfa569,d8e5da,336b80
50,서남,강서,카페소금다방,서울 강서구 공항대로61길 42,37.5526855,126.8663732,sw_gs_12.png,634733,3c2d1f,845f44,9c8f7e,ede8d4
51,서남,강서,어느예쁜날,서울 강서구 화곡로26가길 18,37.5408966,126.8395116,sw_gs_13.png,765444,573928,947c67,b8b0ab,ece8e1
52,서남,양천,커피별녹색잔,서울 양천구 목동로21길 26,37.52523729999999,126.8608357,sw_yc_01.png,926d38,dfcfb0,593918,a69678,c89f3a
53,서남,양천,C27 현대백화점목동점,서울 양천구 목동동로 257,37.5268253,126.87497820000002,sw_yc_02.png,694839,947e66,281f15,c0b7ac,f0f4f3
54,서남,양천,에프스토리,서울 양천구 목동동로 226-19,37.5255045,126.8730929,sw_yc_03.png,f9edd5,e5cdaa,a37b4f,ccac7a,604429
55,서남,양천,cafe qooom,서울 양천구 목동로23길 1,37.5270576,126.863289,sw_yc_04.png,f0e4cf,37291f,b6743e,d1aa73,7d4127
56,서남,양천,카페 제하,서울 양천구 목동동로 177,37.52158220000001,126.8704402,sw_yc_05.png,574f49,7c7875,b1aaa6,27241f,e3e3da
57,서남,양천,이기스카페 목동점,서울 양천구 목동동로 293,37.5281527,126.8757457,sw_yc_06.png,c2c0bb,1a1818,535350,898682,e9eaea
58,서남,양천,르플로르,서울 양천구 목동동로 222-13,37.525279,126.8727908,sw_yc_07.png,5d4131,82715f,2e1f16,aea18f,d9dfda
59,서남,양천,엘가커피 목동점,서울 양천구 신정중앙로 107,37.526399100000006,126.86367690000002,sw_yc_08.png,171312,4d392a,87745c,b1542a,c8b79a
60,서남,양천,알리커피,서울 양천구 중앙로32길 45,37.519602,126.85875729999998,sw_yc_09.png,bfae9b,705238,9f8060,ece0c6,322719
61,서남,양천,테디랩,서울 양천구 신월로36길 11,37.520665,126.8585533,sw_yc_10.png,bbbdba,a6998c,796258,e9e4d8,35281d
62,서남,양천,퍼블릭맨션,서울 양천구 등촌로 154,37.54349910000001,126.8625778,sw_yc_11.png,9c978f,5e6e74,28282a,624941,dccbb1
63,서남,양천,카페쿤츠,서울 양천구 오목로 170,37.5248058,126.8561824,sw_yc_12.png,58513b,8e7e5f,21251c,c3b090,ece4cd
64,서남,양천,커피그레이드,서울 양천구 중앙로51길 71,37.5234824,126.8426124,sw_yc_13.png,141311,a49e9d,605957,393737,d8d2cc
65,서남,영등포,세상의모든아침,서울 영등포구 여의대로 24,37.522317,126.9201153,sw_ydp_01.png,b1aeac,8a857e,59544d,211d19,e3e4e2
66,서남,영등포,오월의종 타임스퀘어점,서울 영등포구 영중로 15,37.517007,126.9041419,sw_ydp_02.png,341b16,70472d,ae6a32,c1a686,f2f2ed
67,서남,영등포,올드문래,서울 영등포구 도림로 433-6,37.5138911,126.8942605,sw_ydp_03.png,271f15,4e3e2b,7e674a,bb9e6e,e7e5bc
68,서남,영등포,선유기지,서울 영등포구 선유로51길 1,37.536435,126.8976356,sw_ydp_04.png,7b5c15,897747,423e14,bd9a59,d1c6ae
69,서남,영등포,폴앤폴리나 여의도점,서울 영등포구 의사당대로 108,37.5199076,126.9245387,sw_ydp_05.png,4c3a33,281912,735d4e,9d8f7f,d8ccb5
70,서남,영등포,카페 진정성,서울 영등포구 국제금융로8길 31,37.51985620000001,126.9279038,sw_ydp_06.png,56534d,7f7972,2a2721,a6a4a0,c9d0d5
71,서남,영등포,마호가니커피 타임스퀘어점,서울 영등포구 영중로 15,37.517007,126.9041419,sw_ydp_07.png,5b5741,2b2a1d,8f8160,dccfb6,668eb8
72,서남,영등포,타르타르 여의도점,서울 영등포구 의사당대로1길 11,37.5191693,126.9285663,sw_ydp_08.png,201d1d,87705c,a99987,cdc1b1,5c4c3e
73,서남,영등포,빌리엔젤 당산역점,서울 영등포구 당산로 223,37.5337706,126.9012083,sw_ydp_09.png,c1c1bf,dadbd7,a39c99,7a7872,434036
74,서남,영등포,시즌커피앤베이크,서울 영등포구 양산로9길 12-1,37.5263223,126.8888412,sw_ydp_10.png,c1b9b0,2d211b,756a5e,998e82,f7f5f6
75,서남,영등포,카페 엘디아,서울 영등포구 양평로22길 18,37.53767120000001,126.8973605,sw_ydp_11.png,94773f,614721,331e09,b19c6c,e6d7ae
76,서남,영등포,테라로사 여의도점,서울 영등포구 여의대로 56,37.5240065,126.9228655,sw_ydp_12.png,2f2c28,9e7c5e,595350,bda48e,e7e5e5
77,서남,영등포,보사노바 커피 로스터스 문래점,서울 영등포구 영등포로20길 22-4,37.5199186,126.8920018,sw_ydp_13.png,605047,362b27,8f7867,bba793,ebdfd3
78,서남,구로,메이비,서울 구로구 디지털로32나길 51,37.4848624,126.90054440000002,sw_gr_01.png,402a1b,77543b,b38a65,e9dcc4,6b96b2
79,서남,구로,카페큐브,서울 구로구 경인로 662,37.5084321,126.8887332,sw_gr_02.png,f0efed,4e483d,cccbc1,78746a,a09d94
80,서남,구로,빈브라더스 현대백화점 디큐브시티점,서울 구로구 경인로 662,37.5084321,126.8887332,sw_gr_03.png,8e8986,565655,1a1c1e,b5b2b2,dfe6e7
81,서남,구로,이름없는 가게,서울 구로구 개봉로1나길 52,37.485394,126.8524179,sw_gr_04.png,817967,a69e8c,544e3e,e0e1da,272315
82,서남,구로,고마워케이크,서울 구로구 디지털로 300,37.4833793,126.8941131,sw_gr_05.png,aa9784,857161,5c4534,2a1b13,dcd2c3
83,서남,구로,LonelyAve,서울 구로구 경인로65길 44,37.509554,126.8852079,sw_gr_06.png,9a8975,130e0d,796a58,bea88c,f7f7f6
84,서남,구로,Cafe126,서울 구로구 고척로30길 6,37.5019532,126.8485194,sw_gr_07.png,2e2118,655341,897e6f,f1f4f5,b5b1ab
85,서남,구로,카페노아,서울 구로구 서해안로30길 12,37.493176,126.8438922,sw_gr_08.png,d4b695,b49777,93745a,f9eede,5e4e3c
86,서남,구로,테일팟,서울 구로구 공원로6나길 29-17,37.5047919,126.8908445,sw_gr_09.png,e9dac4,b79f7f,563e27,120e0c,816b4f
87,서남,구로,데일리스위츠,서울 구로구 중앙로9,37.5051273,126.8602919,sw_gr_10.png,585654,787675,211f1e,a6a6a7,d7d6d8
88,서남,구로,하이드아웃,서울 구로구 개봉로20길 30,37.4933424,126.8564453,sw_gr_11.png,221e1e,604738,c8af99,8d755d,e3d1c4
89,서남,구로,써드포지션,서울 구로구 개봉로24길 42,37.4958436,126.8577404,sw_gr_12.png,1d180f,4d4130,7f6951,b59679,efdbc0
90,서남,구로,카페 이졸레,서울 구로구 도림천로 336,37.4949733,126.8937332,sw_gr_13.png,e8e8e9,6c5c50,2e2320,b6ada5,b9220a
91,도심,종로,레이어드,서울 종로구 북촌로2길 2-3,37.5776998,126.9859145,cs_jr_01.png,ae977a,edece4,cdc2b0,82623c,271f14
92,도심,종로,식물,서울 종로구 돈화문로11다길 46-1,37.5737275,126.98963290000002,cs_jr_02.png,9d9e9e,252626,787a79,c6c5c1,4d4e4b
93,도심,종로,빌즈,서울 종로구 종로3길 17,37.5717005,126.9797154,cs_jr_03.png,101212,3e474d,6e7881,eaf2f7,aab5bf
94,도심,종로,서울커피 익선점,서울 종로구 수표로28길 33-3,37.5732519,126.9900717,cs_jr_04.png,201a17,4f483f,7a7b76,e8dfd3,a0a4a4
95,도심,종로,스펙터,서울 종로구 필운대로6길 23-1,37.58023970000001,126.96966299999998,cs_jr_05.png,827c6c,564f40,25211b,bcb5ac,f1eeed
96,도심,종로,커피방앗간,서울 종로구 북촌로5가길 8-11,37.5802805,126.9824672,cs_jr_06.png,b0a99a,d1d1cb,5f4c2d,8d7d5e,211a0d
97,도심,종로,서울커피상회,서울 종로구 자하문로7길 67-2,37.58015,126.9688842,cs_jr_07.png,221b18,65564a,443a32,9a8473,eef4f2
98,도심,종로,프릳츠 원서점,서울 종로구 율곡로 83,37.5775971,126.98843259999998,cs_jr_08.png,ccb7a0,eedfcf,7f4c2f,2e201b,927e70
99,도심,종로,제프리카벤디쉬런던,서울 종로구 대학로8가길 129,37.5802717,127.0035119,cs_jr_09.png,1c1509,48341e,7c6247,b7936e,f0f2ee
100,도심,종로,TXT Coffee,서울 종로구 창덕궁길 121,37.5828255,126.9890299,cs_jr_10.png,211c16,58392b,ac633f,f1eee5,b6a592
101,도심,종로,도밍고팩토리,서울 종로구 성균관로 15,37.5891352,126.996627,cs_jr_11.png,968778,b5aa9c,dad5cc,665444,38261a
102,도심,종로,홍콩샤워,서울 종로구 창경궁로29길 36,37.584146200000006,126.9973452,cs_jr_12.png,5b4e3d,877665,231e16,b69d87,d9d6c7
103,도심,종로,블루룸,서울 종로구 대명1길 16-7,37.5828312,127.0002759,cs_jr_13.png,202423,535145,d2ccc4,98948c,b88a58
104,도심,중구,포엠,서울 중구 명동4길 13,37.5630844,126.9837459,cs_jg_01.png,8d4a27,63331e,2b1e15,c19150,ece4aa
105,도심,중구,현상소,서울 중구 만리재로37길 24,37.5567475,126.9671412,cs_jg_02.png,d1d6d5,bbb09e,ae8a5f,7d5836,26201b
106,도심,중구,분카샤,서울 중구 을지로14길 20,37.5653338,126.9919965,cs_jg_03.png,fcfaf6,c2b1a0,e2d7c9,94806e,353226
107,도심,중구,호텔수선화,서울 중구 충무로7길 17,37.5656561,126.9916481,cs_jg_04.png,1a1714,473d36,73665d,b58d79,e8e9e4
108,도심,중구,비단콤마,서울 중구 소월로 31-1,37.556742,126.9766496,cs_jg_05.png,bbbbb4,9a8f85,6f5f55,333331,e6ece6
109,도심,중구,마뫼,서울 중구 소파로 41,37.5551372,126.98134009999998,cs_jg_06.png,aeaca3,586046,818772,171b15,d5dddc
110,도심,중구,토스마이슈,서울 중구 세종대로18길 20-1,37.5636239,126.9782895,cs_jg_07.png,d9cabc,bbaea1,d2eaee,8b8175,474534
111,도심,중구,4F,서울 중구 을지로35길 26-1,37.5678416,127.0013445,cs_jg_08.png,2b2620,4e5248,7a7e78,a6b1af,dfe7e5
112,도심,중구,투피스,서울 중구 을지로 230-1,37.5665133,127.0036771,cs_jg_09.png,bdb7af,dfd8d0,95928d,625a53,3c2920
113,도심,중구,카페 피크닉,서울 중구 퇴계로6가길 30,37.5569375,126.9781092,cs_jg_10.png,827b76,9e999a,261e17,61413b,d5d2d5
114,도심,중구,심세정,서울 중구 퇴계로 409-11,37.5660188,127.01702140000002,cs_jg_11.png,4e4337,231d17,756658,ab9a89,e2d4c6
115,도심,중구,아포테케리,서울특별시 중구 퇴계로 409-9,37.5659926,127.0169086,cs_jg_12.png,161411,323331,665849,a19690,edeee7
116,도심,중구,리사르커피,서울 중구 다산로8길 16-7,37.5524436,127.0104206,cs_jg_13.png,151316,4f3f36,aca09b,7f7068,e4e3e3
117,도심,용산,라페름,서울 용산구 이태원로54길 32,37.536976,127.0017111,cs_ys_01.png,2d190a,5d402b,8f6b53,eaddce,bc9d82
118,도심,용산,아베크엘,서울 용산구 두텁바위로69길 29,37.5504891,126.98064850000002,cs_ys_02.png,e0dddc,c1bcb5,9c9285,483924,73604d
119,도심,용산,원인어밀리언,서울 용산구 이태원로54길 31,37.5368755,127.0018731,cs_ys_03.png,7f7974,bbb8b1,2a2a24,5a5350,eceae8
120,도심,용산,언더프레셔,서울 용산구 한남대로20길 51,37.534899,127.0097292,cs_ys_04.png,4a4133,14120f,807c66,b2b5a4,f3f8f3
121,도심,용산,챔프커피 제2작업실,서울 용산구 녹사평대로26가길 24,37.5324573,126.99280120000002,cs_ys_05.png,25150d,54392a,a76838,6f6f79,d5cbc2
122,도심,용산,때가이르매,서울 용산구 두텁바위로 8,37.5450476,126.9730378,cs_ys_06.png,1c2821,9f9b95,c7c8c5,5b5d50,f9faf9
123,도심,용산,브랑쿠시,서울 용산구 새창로 104,37.5380141,126.9597642,cs_ys_07.png,574c3f,271f1d,a27b53,7c8388,eacda0
124,도심,용산,두화당,서울 용산구 백범로87길 25,37.5386701,126.9682902,cs_ys_08.png,22181a,4c3734,6f6258,9d9397,e0d9db
125,도심,용산,모어댄레스,서울 용산구 이태원로49길 24,37.537443,126.99929579999998,cs_ys_09.png,3b3930,201c17,5f5546,98836c,dbcdc0
126,도심,용산,수르기,서울 용산구 이태원로42길 32,37.5359926,127.0003947,cs_ys_10.png,b19b74,2e2110,6b593b,c8c1b0,e9f1ec
127,도심,용산,앤드커피랩,서울 용산구 이태원로54길 74,37.53519910000001,127.0009597,cs_ys_11.png,473b2f,716251,271f18,a19183,e2dad4
128,도심,용산,이로공작,서울 용산구 소월로26길 14,37.5453174,126.9870595,cs_ys_12.png,1c170e,4b432b,7c6f54,aa9d8c,dce9ec
129,도심,용산,오랑오랑,서울 용산구 소월로20길 26-14,37.5450619,126.9850113,cs_ys_13.png,312623,908177,645145,b7ada6,e6e1dd
130,남서울,동작,아뜨레케이크,서울 동작구 여의대방로22길 138,37.4982582,126.9275997,ss_dj_01.png,a99588,936d57,c3b7aa,583b2b,d9dbdf
131,남서울,동작,브레드숨,서울 동작구 노량진로18길 37,37.5123243,126.9517867,ss_dj_02.png,84817c,0f0c0c,463729,715f4a,b4b8bc
132,남서울,동작,오후홍콩,서울 동작구 흑석로13가길 29,37.5078464,126.9600755,ss_dj_03.png,a19992,7d7671,332116,5b524e,d3cdc1
133,남서울,동작,베로니카아서울,서울 동작구 시흥대로 596,37.485621,126.904518,ss_dj_04.png,dedad2,625748,908371,bcb09c,312d24
134,남서울,동작,카페퍼블리코,서울 동작구 상도로 47,37.4999026,126.9258221,ss_dj_05.png,6a3d2b,341f18,89614c,ab9080,d0ccc8
135,남서울,동작,벨르보,서울 동작구 상도로33길 11,37.5058885,126.9448439,ss_dj_06.png,2f251d,76502e,c2a982,c7c5ba,917d61
136,남서울,동작,세녹,서울 동작구 사당로 304,37.484882,126.98133590000002,ss_dj_07.png,5d402e,241710,d5aa77,aa6f42,f0ebe4
137,남서울,동작,사랑해 바보 똥개,서울 동작구 만양로 112,37.5132965,126.9443935,ss_dj_08.png,16140f,8b816b,474033,d2c9a6,2244c4
138,남서울,동작,페니커피로스터스,서울 동작구 동작대로1길 36,37.4773461,126.9794111,ss_dj_09.png,191609,4f4527,7d7551,aca37b,dee4c7
139,남서울,동작,오다가다,서울 동작구 동작대로35길 10,37.49093120000001,126.981809,ss_dj_10.png,252417,8c857b,bab2a4,625b4f,f6f8f6
140,남서울,동작,밍구네다방,서울 동작구 노량진로 132,37.5133065,126.9405871,ss_dj_11.png,131d14,513d21,956221,e4e3e4,b2a992
141,남서울,동작,달콤쌉싸롱,서울 동작구 노량진로12길 12-4,37.5133706,126.9439197,ss_dj_12.png,b1a89e,8a7a6c,d2d1d1,daae70,44362d
142,남서울,동작,프랑세즈,서울 동작구 현충로 96,37.507901200000006,126.964262,ss_dj_13.png,52463e,302a22,756962,eaede7,a0a2a1
143,남서울,관악,쟝블랑제리,서울 관악구 낙성대역길 8,37.4771481,126.9619528,ss_ga_01.png,21170e,705834,aea78a,dce1e2,c9931f
144,남서울,관악,오후의 과일,서울 관악구 관악로14길 15,37.47918170000001,126.9534766,ss_ga_02.png,1e1814,afaead,7e7f7d,4d4943,f5f8f8
145,남서울,관악,egg thumb,서울 관악구 관악로14길 98,37.4777646,126.9577847,ss_ga_03.png,834c08,ce7f03,c8af99,94765c,312418
146,남서울,관악,아모르미오,서울 관악구 행운2길 20,37.4790531,126.9600258,ss_ga_04.png,42362e,191618,695a54,888e95,e9eef2
147,남서울,관악,미드레벨,서울 관악구 관악로14길 63,37.4785582,126.95602240000002,ss_ga_05.png,d0bbae,b19c8e,f8e4d3,766459,241d1a
148,남서울,관악,RIVER BELL,서울 관악구 봉천로 524,37.4790891,126.9559404,ss_ga_06.png,7e7065,53493c,1f1c12,a0a09a,d8dcdb
149,남서울,관악,황홀경,서울 관악구 관악로14길 37,37.478906,126.9545918,ss_ga_07.png,ddc5af,f8ede3,74442e,3e2015,a27d66
150,남서울,관악,더은교,서울 관악구 봉천로 600-1,37.4760044,126.9637753,ss_ga_08.png,f6dcba,fcf9f0,906231,4c2b04,c39d72
151,남서울,관악,그날의 브런치,서울 관악구 남부순환로230길 48,37.4779581,126.9552031,ss_ga_09.png,ebd8c8,d2b8a5,b29982,1e1c0c,76634d
152,남서울,관악,서울테이블,서울 관악구 관악로14길 2,37.4788269,126.9539044,ss_ga_10.png,a4a0a3,988675,835e44,4b2d1f,f3f1ef
153,남서울,관악,메이드바이아린,서울 관악구 관악로12길 47,37.4777983,126.9550708,ss_ga_11.png,c0b9ae,9c978f,d6d4d1,716d62,38342f
154,남서울,관악,포말커피,서울 관악구 신림로67길 25,37.48575220000001,126.9278553,ss_ga_12.png,563f2e,b6a38a,ccc6bf,301e0f,8b7862
155,남서울,관악,티라노커피,서울 관악구 남부순환로230길 39,37.4782967,126.9555862,ss_ga_13.png,241e1a,4f453a,826e55,a49987,c8cac6
156,남서울,금천,재미길,서울 금천구 시흥대로50길 12-13,37.4507671,126.9030916,ss_gc_01.png,b3ae98,262225,837b63,dddcd6,7b4331
157,남서울,금천,모나드 커피로스터스,서울 금천구 금하로24길 5,37.45071770000001,126.9087568,ss_gc_02.png,2f1d1a,64463d,a18279,decccb,a7500d
158,남서울,금천,디오델 커피,서울 금천구 벚꽃로 30,37.4588664,126.893955,ss_gc_03.png,9d9992,c3bdb5,474d55,716a67,212022
159,남서울,금천,로드앤커피 2.5,서울 금천구 시흥대로 202,37.45192410000001,126.9021343,ss_gc_04.png,777270,524f49,2c2a22,a79a8f,bac4cd
160,남서울,금천,커피이즈,서울 금천구 은행나무로 50,37.4511435,126.9032364,ss_gc_05.png,465269,2a2a31,87694d,bc9e7d,c1ced0
161,남서울,금천,카페 트리니티,서울 금천구 가산디지털2로 108,37.4777658,126.8804909,ss_gc_06.png,7a5239,c7b8a9,9f8b73,28221b,f0ede5
162,남서울,금천,스미다,서울 금천구 벚꽃로 298,37.4813244,126.8837789,ss_gc_07.png,c8b2b0,3d3029,9d867f,705d56,eae1e4
163,남서울,금천,빌리엔젤,서울 금천구 디지털로9길 23,37.4786713,126.8864968,ss_gc_08.png,5d4738,8b725c,b0a497,2a211a,e9e4dc
164,남서울,금천,비틀주스,서울 금천구 디지털로9길 99,37.4816074,126.8848307,ss_gc_09.png,534b35,7c6e57,9b9687,231f15,d6d9d4
165,남서울,금천,카페자리,서울 금천구 독산로77길 39,37.4700717,126.9003473,ss_gc_10.png,1c1a17,605a40,a1a18e,cd9627,dedccd
166,남서울,금천,판데오로,서울 금천구 가산디지털1로 186,37.4817399,126.8817895,ss_gc_11.png,f2f4ee,601d14,a7532f,c9815c,e0bc93
167,남서울,금천,손수다,서울 금천구 두산로 70,37.469824,126.89589,ss_gc_12.png,c0babb,ada1a3,857478,675153,372324
168,남서울,금천,제이제이서브,서울 금천구 가산디지털1로 131,37.4769739,126.8823128,ss_gc_13.png,7a4627,9c7353,c1a28f,e4dad9,46200b
169,강남,서초,카페마마스,서울 서초구 서운로 138,37.4959396,127.0252259,gn_sc_01.png,714c2c,392413,dbdad3,a07853,b7b0a5
170,강남,서초,더플라잉팬레드,서울 서초구 서초대로 411,37.4977803,127.0261927,gn_sc_02.png,584f49,281f1d,637b8e,a28d6d,cac8b5
171,강남,서초,쿠오레에스프레소,서울 서초구 강남대로 275,37.4878685,127.0319729,gn_sc_03.png,9f9384,adb7be,201c1c,605d59,cef2fa
172,강남,서초,버터핑거팬케익,서울 서초구 강남대로61길 13,37.4988517,127.0255375,gn_sc_04.png,67432e,83705a,a8a089,311e16,e4e3ca
173,강남,서초,프릳츠 양재점,서울 서초구 강남대로37길 24-11,37.4853311,127.0321832,gn_sc_05.png,3c2d27,55504a,1a100f,a6876e,e6e1db
174,강남,서초,캐틀앤비,서울 서초구 양재천로 131,37.4787848,127.0418938,gn_sc_06.png,b3b3b2,7a7973,464440,12100e,d2d1d3
175,강남,서초,MAILLET,서울 서초구 사평대로22길 14,37.4989206,126.997589,gn_sc_07.png,9d8271,292019,714e40,5b7a8f,bbd1dc
176,강남,서초,밀크바,서울 서초구 사평대로 205,37.5044253,127.0077601,gn_sc_08.png,2c1812,927056,b39175,704d37,cbb09d
177,강남,서초,하프커피,서울 서초구 사평대로 205,37.5044253,127.0077601,gn_sc_09.png,bd916d,2b1e1f,995328,e4d1c1,397086
178,강남,서초,태양커피,서울 서초구 서초대로25길 55,37.4901785,126.992805,gn_sc_10.png,6b5442,c5b397,9c8369,e6dfcd,2d2018
179,강남,서초,메종엠오,서울 서초구 방배로26길 22,37.4892766,126.9940824,gn_sc_11.png,e2bd9a,b38f6d,7b5d3c,261f15,f8f8f2
180,강남,서초,루엘드파리,서울 서초구 서초중앙로 18,37.4840138,127.0173415,gn_sc_12.png,e3ded1,1b1d19,778082,bebbad,514b43
181,강남,서초,카페 릴리블랑,서울 서초구 양재천로19길 52,37.4776036,127.0381383,gn_sc_13.png,8c7d6b,abadaa,625240,dee4e6,392715
182,강남,강남,알베르,서울 강남구 강남대로102길 34,37.5030004,127.0280905,gn_gn_01.png,20311a,4c533a,bb9977,78775f,dcd1c4
183,강남,강남,C27 가로수길점,서울 강남구 도산대로15길 39,37.5206956,127.0232308,gn_gn_02.png,241a11,8a6b51,5a432e,aa9d8f,f2f3f2
184,강남,강남,더달달,서울 강남구 강남대로102길 38-6,37.5031401,127.0284212,gn_gn_03.png,685a5b,3c2f2c,cfb88b,e7e2c7,9f886e
185,강남,강남,브라더후드키친,서울 강남구 봉은사로4길 22,37.503334,127.0263671,gn_gn_04.png,bda280,1f2429,854c36,1f678a,d3dbda
186,강남,강남,에이블,서울 강남구 압구정로14길 12,37.5234764,127.02303390000002,gn_gn_05.png,867157,a99a82,59442d,1a1611,c9cac8
187,강남,강남,샤이바나,서울 강남구 영동대로 513,37.5101935,127.0585824,gn_gn_06.png,c2b293,a38d6b,7f6240,ebe6d4,3c2012
188,강남,강남,알베르,서울 강남구 강남대로102길 34,37.5030004,127.0280905,gn_gn_07.png,a57d6f,68514d,2b2324,cdac9c,f3eae6
189,강남,강남,수수커피,서울 강남구 강남대로84길 15,37.4970032,127.0298757,gn_gn_08.png,928e8d,746e6d,604838,171314,bec1c3
190,강남,강남,오아시스,서울 강남구 도산대로55길 20,37.5247377,127.0405903,gn_gn_09.png,2b1b0b,664c28,c2bbac,8a847b,f2f2ea
191,강남,강남,트리아농,서울 강남구 학동로59길 43,37.5202844,127.0445558,gn_gn_10.png,787659,c6c3b8,a49e80,1c1407,4f4b2e
192,강남,강남,미엘,서울 강남구 도산대로67길 13-12,37.5252864,127.0435926,gn_gn_11.png,4a2918,150c08,7c4d32,c3784f,f1dbb9
193,강남,강남,듀자미,서울 강남구 도산대로11길 28,37.5193063,127.0225815,gn_gn_12.png,876d54,a09a96,6d4e38,3e3126,dce3e3
194,강남,강남,카페뮬라,서울 강남구 압구정로4길 13-12,37.521923,127.0212939,gn_gn_13.png,d0d1d3,ababa7,8c8c7a,666745,2b2913
195,강북,도봉,PUKUPUKU,서울 도봉구 도당로13다길 19,37.6657761,127.0334324,gb_db_01.png,cca24e,915623,1d150b,eedbc0,28425f
196,강북,도봉,카페오븐,서울 도봉구 해등로16길 12,37.6558439,127.0406987,gb_db_02.png,2b281a,594b35,977a54,ceab77,e8e1ce
197,강북,도봉,쌍문동커피,서울 도봉구 도봉로116길 5,37.648175,127.035698,gb_db_03.png,140c0b,473126,7a5e49,ab9b89,e4e5e5
198,강북,도봉,뮤즈서울,서울 도봉구 도봉로110다길 51,37.6428627,127.0333996,gb_db_04.png,dcddda,201a15,433f34,6d6b5b,afb7aa
199,강북,도봉,알레싸카페,서울 도봉구 도봉로150다길 28,37.66776420000001,127.044555,gb_db_05.png,898b88,6b6c69,343432,b2b2a8,edeae1
200,강북,도봉,카페더로비,서울 도봉구 방학로 171-5,37.6619876,127.0332537,gb_db_06.png,ded2cb,0f140d,c8a582,49372a,916d55
201,강북,도봉,일월생,서울 도봉구 해등로 180,37.6577361,127.036838,gb_db_07.png,151008,64534b,403024,cabebe,927f7a
202,강북,도봉,카페방학,서울 도봉구 도당로6길 30-6,37.6613592,127.03651809999998,gb_db_08.png,b09f88,d4c4b0,89755d,5a4834,1b1611
203,강북,도봉,와겐커피,서울 도봉구 도봉로150마길 15,37.6676879,127.0449171,gb_db_09.png,221d15,c6b099,99846e,f2e3d0,655341
204,강북,도봉,김화자 카페,서울 도봉구 도봉로114길 50,37.6474757,127.0371179,gb_db_10.png,9e9795,beb7af,e6dfd2,24231e,5d544e
205,강북,도봉,여전히달달해,서울 도봉구 해등로 120-4,37.6541795,127.0412267,gb_db_11.png,b7b0a8,d3d3d2,252222,877a73,9d1a1e
206,강북,도봉,카페작약,서울 도봉구 도봉로118길 10,37.6489235,127.03566,gb_db_12.png,3c2f2e,cfcfce,a8a4a0,8d806c,694d45
207,강북,도봉,카페152길,서울 도봉구 도봉로152길 29-3,37.6695709,127.0454518,gb_db_13.png,f8f7f7,8f7a75,5d5552,b9b1b0,302b2b
208,강북,강북,미즐,서울 강북구 수유동 535-11,37.6435127,127.0037736,gb_gb_01.png,c1b3a9,a59379,261a11,7b6547,e5dfd6
209,강북,강북,칠복상회 로스팅 공간,서울 강북구 한천로132길 7,37.63940570000001,127.0284952,gb_gb_02.png,483324,775d45,1e150f,a18d74,e6e0d3
210,강북,강북,어니언,서울 강북구 솔매로50길 55,37.6241045,127.0284021,gb_gb_03.png,311b19,6f4e31,f4fdda,707a8f,be9845
211,강북,강북,로팸,서울 강북구 4.19로 61-1,37.6396099,127.0256575,gb_gb_04.png,4b3117,9d7e4f,1e1408,745530,d3b280
212,강북,강북,스펙트럼커피랩,서울 강북구 도봉로97길 39,37.6424777,127.0273425,gb_gb_05.png,272724,ccc0a5,615245,9b8f81,e1ddd4
213,강북,강북,카페수카페,서울 강북구 도봉로 52,37.6136586,127.0304432,gb_gb_06.png,ddc9b1,211915,c6a176,717e75,845324
214,강북,강북,경계선,서울 강북구 삼각산로 22-7,37.6384562,127.0070885,gb_gb_07.png,aea6a3,918c89,ebcbb6,524b47,1d1a1a
215,강북,강북,커피베스코,서울 강북구 도봉로 342,37.6380167,127.026135,gb_gb_08.png,bca375,564d3c,8c7a59,2c2217,d7d2c3
216,강북,강북,키쉬미뇽,서울 강북구 도봉로10길 12,37.61308620000001,127.03074850000002,gb_gb_09.png,605a4a,d3d7d8,878076,313126,afb2b0
217,강북,강북,노르웨이안 우드,서울 강북구 인수봉로 314,37.64672,127.0106907,gb_gb_10.png,553a1f,231609,7d6b5b,b4aaa4,ececef
218,강북,강북,베네피션트,서울 강북구 노해로 13,37.6393245,127.0196592,gb_gb_11.png,c7b29f,ddc8b5,86603c,ac8c6d,3c2919
219,강북,강북,전광수커피하우스,서울 강북구 4.19로 97,37.64417329999999,127.0045193,gb_gb_12.png,8c8070,725a4e,433531,b7a79c,e5e1df
220,강북,강북,하프,서울 강북구 도봉로89길 5-12,37.6386582,127.0254797,gb_gb_13.png,c3b19a,c6a2c0,e7cbbe,a0a385,8da3bd
221,강북,성북,카페오월,서울 성북구 동소문로 111,37.5933629,127.0172733,gb_sb_01.png,cdccc7,a8a7a0,1d1d1c,f2f2f0,6b685e
222,강북,성북,휘스커,서울 성북구 성북로7길 21,37.58938320000001,127.0037573,gb_sb_02.png,756241,392917,6c370b,a59878,d4d6cf
223,강북,성북,커피매터스,서울 성북구 동소문로10길 19-1,37.5897388,127.0114409,gb_sb_03.png,beb8ab,6a614f,e3e0dc,978d7f,2d291f
224,강북,성북,프로젝트얼스,서울 성북구 성북로15길 21,37.5926969,126.9997771,gb_sb_04.png,e3d2bc,c9b298,231714,a38a70,664d3b
225,강북,성북,제뉴어리피크닉,서울 성북구 창경궁로43길 26,37.5891035,127.0041324,gb_sb_05.png,19120e,a19a90,bab9b5,dddee0,554b42
226,강북,성북,수연산방차,서울 성북구 성북로26길 8,37.5950128,126.9948259,gb_sb_06.png,b3a48b,cfc9c3,a97d46,3c251c,635048
227,강북,성북,레인드롭카페,서울 성북구 동소문로22길 57-12,37.5906129,127.019222,gb_sb_07.png,46383a,1b1617,656263,d6d4d3,b8876b
228,강북,성북,더홈서울카페,서울 성북구 인촌로1길 87,37.5887865,127.0173822,gb_sb_08.png,272117,ab855f,634634,ccb099,dad6d7
229,강북,성북,알렉스더커피 성북점,서울 성북구 성북로28길 9,37.5950592,126.9934958,gb_sb_09.png,2a2321,c7c8c8,98918b,6f5041,f4f9f9
230,강북,성북,조셉의 커피나무,서울 성북구 성북로31길 65,37.5945577,126.9885926,gb_sb_10.png,745132,361d13,a78659,beb19a,e8ecec
231,강북,성북,숑디 인 오하라,서울 성북구 보문로30길 80,37.591041,127.0201086,gb_sb_11.png,544234,a8abac,271e19,766e6b,cdd3d6
232,강북,성북,cafe b,서울 성북구 보문로30길 71,37.5905704,127.0195283,gb_sb_12.png,31281f,57483d,8d725b,baa690,e1ded8
233,강북,성북,미미상회,서울 성북구 동소문로22길 57-17,37.5907865,127.0192978,gb_sb_13.png,72736d,1a1915,44433c,9ca7a8,dde8e7
234,강북,노원,아고라커피,서울 노원구 동일로193길 14,37.6260239,127.0717305,gb_nw_01.png,dbceb4,b6a281,2d2215,7e694d,f5f4ec
235,강북,노원,토프레소 상계역점,서울 노원구 덕릉로83길 14-3,37.66014860000001,127.0745994,gb_nw_02.png,734e20,7d6e57,4a2d11,979287,bac5ca
236,강북,노원,비스킷플로어,서울 노원구 동일로180길 61-7,37.62320620000001,127.0775679,gb_nw_03.png,b0aca2,888075,15110e,4d443e,eae7e0
237,강북,노원,플랫커피,서울 노원구 공릉로39길 20,37.6238012,127.0783025,gb_nw_04.png,9e7867,795c50,d2a283,ecd5c6,341d12
238,강북,노원,ddami coffee,서울 노원구 공릉로 120,37.6206095,127.0785096,gb_nw_05.png,513f40,2c150f,deded9,b1adaa,7e6f6a
239,강북,노원,표준커피,서울 노원구 공릉로 119-5,37.6210059,127.0781524,gb_nw_06.png,3a2e21,735e47,f4eee8,b19168,ceb9a5
240,강북,노원,스윗레시피,서울 노원구 상계로1길 38,37.6576842,127.0616951,gb_nw_07.png,6e5c4d,c9b7a6,efebe7,9f8672,3f2f26
241,강북,노원,502세컨즈카페카페,서울 노원구 섬밭로 232,37.6366317,127.066364,gb_nw_08.png,22201c,5c4c43,beb7b0,968677,f0f2ee
242,강북,노원,이너모스트,서울 노원구 동일로183길 12-1,37.62314470000001,127.0728357,gb_nw_09.png,5a4932,bda278,8b7354,2a1c10,ecdfbd
243,강북,노원,오누이,서울 노원구 동일로187길 12-47,37.62459000000001,127.0723759,gb_nw_10.png,8e877e,83694d,373225,aeb0b4,e4e9ed
244,강북,노원,moodshare,서울 노원구 공릉로 119-23,37.62148679999999,127.0778938,gb_nw_11.png,423a35,25201c,9a8c78,786753,f8f8f6
245,강북,노원,쌍뜨떼,서울 노원구 동일로174길 37-16,37.6198532,127.077428,gb_nw_12.png,7d7670,524943,212022,abb3b8,e1e3e2
246,강북,노원,에이치큐브,서울 노원구 노원로1길 73-12,37.6204575,127.0829327,gb_nw_13.png,726c62,99958c,40413c,b7bbb6,eef0ed
247,동서울,동대문,커피나인,서울 동대문구 답십리로 68,37.5753313,127.04839040000002,es_ddm_01.png,201a12,665033,99896f,cdcab7,e0bd17
248,동서울,동대문,멜로우시티카페,서울 동대문구 서울시립대로12길 6,37.5785799,127.0502295,es_ddm_02.png,8d7f71,afa090,cdcac4,1d1a16,665748
249,동서울,동대문,슬로우스트림커피,서울 동대문구 전농로3길 12,37.5684569,127.0565376,es_ddm_03.png,86654f,aa9e95,e7e3e7,37322b,d79862
250,동서울,동대문,커피코,서울 동대문구 천호대로 151,37.5736533,127.0402303,es_ddm_04.png,0b060f,b7ab8f,867061,483537,f2f0dd
251,동서울,동대문,브라운팩토리,서울 동대문구 천호대로 15,37.5748322,127.0252173,es_ddm_05.png,0a0808,392e27,56524c,92866b,ded6c1
252,동서울,동대문,비하인드미,서울 동대문구 회기로 125,37.591587,127.05052279999998,es_ddm_06.png,c7c4cd,a3a2a6,322b1e,8a7260,624e3c
253,동서울,동대문,포비 회기,서울 동대문구 회기로31길 13,37.59056079999999,127.05898190000002,es_ddm_07.png,ecf2ed,c7c5b4,635e52,312f2b,909087
254,동서울,동대문,카페온,서울 동대문구 왕산로 276-1,37.5851342,127.05136570000002,es_ddm_08.png,1e151c,6e4836,b8aa92,9d7554,dfdccf
255,동서울,동대문,카페반창고,서울 동대문구 경희대로1가길 18,37.5925313,127.0516477,es_ddm_09.png,b59470,8e6e4a,64472e,dec6a9,352215
256,동서울,동대문,디저트홀릭케이크전문,서울 동대문구 경희대로4길 7,37.5925167,127.05308259999998,es_ddm_10.png,1c171e,4e3837,8c6a4f,e6d8c2,bea483
257,동서울,동대문,니어커피,서울 동대문구 경희대로4길 79,37.5913942,127.0564893,es_ddm_11.png,cbab95,ac7c61,e9d4c8,82553e,30201b
258,동서울,동대문,카페양귀비,서울 동대문구 이문로9길 8,37.592929,127.0574268,es_ddm_12.png,bca587,26190b,523f26,7f6d50,f0e4cd
259,동서울,동대문,멜팅폼카페,서울 동대문구 천장산로7길 10-3,37.5986553,127.0571144,es_ddm_13.png,ae8f9a,a86a77,bba9b5,d5d4e3,9f3249
260,동서울,중랑,파크더블유,서울 중랑구 양원역로16길 103-111,37.6077574,127.113835,es_gl_01.png,3b2920,5e503f,897e6b,b5ab96,ecebe2
261,동서울,중랑,상봉커피,서울 중랑구 봉우재로 96,37.5918972,127.0837317,es_gl_02.png,bab4ab,211f20,6f6660,948b83,e3ddda
262,동서울,중랑,카페브릭,서울 중랑구 신내역로1길 127-11,37.61266810000001,127.10329579999998,es_gl_03.png,292220,d6c5a8,f0eadf,aa9171,6a5443
263,동서울,중랑,커피나무,서울 중랑구 신내로 62,37.6047179,127.0957413,es_gl_04.png,2b241d,6d5e47,b6a78c,e8e2d4,ae7e35
264,동서울,중랑,시즌카페,서울 중랑구 사가정로49길 62,37.58373220000001,127.0870122,es_gl_05.png,4c3e34,1e1710,7e6a5b,af9d89,e4dccf
265,동서울,중랑,데일리파크,서울 중랑구 신내로15길 196,37.6168083,127.0881722,es_gl_06.png,1a1812,aca08e,5e4d39,c0bfbd,897b66
266,동서울,중랑,개인공간,서울 중랑구 송림길 12,37.5998681,127.0956868,es_gl_07.png,e8e4df,522f20,7b4c33,d0c3b5,a78c72
267,동서울,중랑,카페레블,서울 중랑구 면목로49길 6,37.5827456,127.0881825,es_gl_08.png,171513,7e6b52,4e4538,b69e81,e9d9c8
268,동서울,중랑,칼라스,서울 중랑구 동일로 932,37.613797,127.0775029,es_gl_09.png,787768,c2c2bc,9e9c92,e3e4e1,515042
269,동서울,중랑,커피마마,서울 중랑구 면목로 491,37.5957664,127.085256,es_gl_10.png,4e4942,21211f,75706a,a79d8b,ccc5b7
270,동서울,중랑,카페드리옹,서울 중랑구 면목천로19길 50,37.58628289999999,127.0809574,es_gl_11.png,1b1b1c,797773,d9cebf,a49e96,4a4947
271,동서울,중랑,카페이노이드,서울 중랑구 용마산로86길 9-38,37.5875735,127.0967629,es_gl_12.png,17120f,443429,736454,eeeff1,a9a49a
272,동서울,중랑,달꿈남매,서울 중랑구 면목동 118-1,37.5877784,127.0860331,es_gl_13.png,c1b3a3,e1dad3,8f897c,61574d,251e17
273,동서울,성동,어니언,서울 성동구 아차산로9길 8,37.5446439,127.0583225,es_sd_01.png,7b776c,4e4b49,1a1615,989c9d,dfe3e2
274,동서울,성동,어반소스,서울 성동구 연무장3길 9,37.5445466,127.0512295,es_sd_02.png,796552,524233,241b13,a18f77,e2dbcd
275,동서울,성동,자그마치,서울 성동구 성수이로 88,37.54263020000001,127.0567522,es_sd_03.png,282217,af9f8c,8b7a64,67503f,e5e1d8
276,동서울,성동,카멜,서울 성동구 성덕정19길 6,37.5371935,127.05587479999998,es_sd_04.png,b07d55,cba68c,784f34,ecc7a7,412717
277,동서울,성동,오르에르,서울 성동구 연무장길 18,37.5434188,127.051374,es_sd_05.png,554d44,7c7061,2f2822,9f9c94,f6f4f0
278,동서울,성동,카페성수,서울 성동구 서울숲4길 13,37.547499,127.042485,es_sd_06.png,706a5e,17140a,9ca29d,464037,e7e7d6
279,동서울,성동,센터커피,서울 성동구 서울숲2길 28-11,37.5464894,127.04165259999998,es_sd_07.png,aa8350,bda588,6c5337,20191a,e4d2c0
280,동서울,성동,쉐어드테이블,서울 성동구 연무장길 47,37.542767100000006,127.0547193,es_sd_08.png,c2c4d4,a3a4ab,8e7e75,775c47,3e3020
281,동서울,성동,멜로워,서울 성동구 성수이로7길 39,37.5424991,127.0532063,es_sd_09.png,88705a,161818,4e4338,b4a18f,f2f5f6
282,동서울,성동,홀볼트,서울 성동구 성수이로 58,37.5401223,127.0555878,es_sd_10.png,9e958b,665c54,b6b7b7,1e1e20,f3f2ec
283,동서울,성동,체다앤올리,서울 성동구 서울숲2길 32-14,37.5463874,127.042291,es_sd_11.png,c29a72,524231,896447,252118,e2cab6
284,동서울,성동,봉순이네다락방,서울 성동구 왕십리로21길 13-1,37.5610921,127.0329743,es_sd_12.png,61504a,9c775e,322828,c0aa9a,e6ddd4
285,동서울,성동,글로우,서울 성동구 아차산로9길 20,37.5458587,127.0586874,es_sd_13.png,897f6a,21221b,4b4f44,aea695,3f6e99
286,동서울,광진,펠어커피,서울 광진구 아차산로59길 63,37.5412294,127.0908055,es_gj_01.png,b8ac99,624831,a08564,2c2115,dedfe0
287,동서울,광진,마우스래빗,서울 광진구 능동로11길 10,37.5419628,127.0708885,es_gj_02.png,3e352c,1b1911,d2cdc1,9d968a,846849
288,동서울,광진,최가커피,서울 광진구 능동로13길 23,37.5429832,127.0705873,es_gj_03.png,dcd4c7,221410,b8b1a2,5b3a29,a68762
289,동서울,광진,오폐뜨,서울 광진구 능동로 111,37.5409785,127.0708351,es_gj_04.png,2e2216,664b36,c39259,606a80,f2e8b7
290,동서울,광진,바이레인,서울 광진구 능동로50길 9,37.5640052,127.084053,es_gj_05.png,d9d3c7,c3b7a5,5c4d3e,91897b,29281c
291,동서울,광진,더466키친,서울 광진구 아차산로 466,37.5396601,127.0938888,es_gj_06.png,211c18,44382a,725d47,a09c91,e1e1db
292,동서울,광진,안다즈카페,서울 광진구 천호대로132길 10,37.5503218,127.0895022,es_gj_07.png,2d261f,625545,907f6e,e7e5e1,c5beb4
293,동서울,광진,꼬메노,서울 광진구 군자로7길 29,37.5455626,127.0690728,es_gj_08.png,916639,483f2f,2e1f0f,c89d69,f8dfbf
294,동서울,광진,카페 케이375,서울 광진구 아차산로33길 68,37.543111,127.0712556,es_gj_09.png,1e1909,4f4027,856d4e,f0f2f4,b2a392
295,동서울,광진,카페호이,서울 광진구 동일로20길 80,37.5400898,127.0678283,es_gj_10.png,525150,b8afa3,ded4c7,878079,2b2a28
296,동서울,광진,필라멘트스터디카페,서울 광진구 동일로22길 117-17,37.5414086,127.0707562,es_gj_11.png,332f2a,bab0ac,6b5140,e4e7e9,8e847d
297,동서울,광진,커피마켓,서울 광진구 아차산로33길 60,37.5428198,127.0711291,es_gj_12.png,251f15,4c4539,6f6760,a2958e,eae6e1
298,동서울,광진,엘리펀트,서울 광진구 동일로 76,37.5678107,127.0807849,es_gj_13.png,110c0d,757371,51443f,a89f9b,d1d3d7
299,동남,강동,카페드하이몬드,서울 강동구 천호대로 1022,37.5375953,127.1253702,se_gd_01.png,312511,70572c,b0a986,a68c3e,eaefe0
300,동남,강동,커피와글,서울 강동구 올림픽로62길 5-27,37.5375306,127.1236974,se_gd_02.png,20262a,937e5c,654830,ecefef,c1af91
301,동남,강동,옹끌카페,서울 강동구 진황도로 4-9,37.5396359,127.1280179,se_gd_03.png,2a1607,402f16,dfc09f,bd916a,694f33
302,동남,강동,감성커피 천호,서울 강동구 구천면로 192,37.5464536,127.140148,se_gd_04.png,5c5244,23221f,90836d,89a6bc,e1eff1
303,동남,강동,카페 그라운드,서울 강동구 올림픽로 756,37.5486309,127.12725790000002,se_gd_05.png,898173,5b5244,b8b3a7,221d15,e8eae1
304,동남,강동,카페 메종드한,서울 강동구 강동대로 177,37.5251705,127.1264418,se_gd_06.png,7b553a,9c8167,c5bbab,392217,ccdbee
305,동남,강동,커피몽타주,서울 강동구 올림픽로48길 23-12,37.5294606,127.1218503,se_gd_07.png,635b50,413c33,89857d,c1c3c6,1f1e1a
306,동남,강동,평상시,서울 강동구 고덕로20길 26,37.5535316,127.1336077,se_gd_08.png,d9d6d3,95897c,b6afa7,746655,3a332a
307,동남,강동,피에로 커피,서울 강동구 성내로14길 27,37.5265684,127.126611,se_gd_09.png,453e36,806b60,151412,ac9e8a,e1e6e1
308,동남,강동,페더커피,서울 강동구 진황도로 123,37.5347433,127.139943,se_gd_10.png,744928,3f2715,94795e,b2a89d,edf3f3
309,동남,강동,엘리펀트커피,서울 강동구 양재대로 1548,37.543638,127.1424877,se_gd_11.png,5c4d41,32281f,887f72,cccdc6,d49b3d
310,동남,강동,더츠커피 가르텐페스트점,서울 강동구 강동대로 179,37.5249814,127.1267065,se_gd_12.png,312f19,8b775a,675435,b09d87,ded4c9
311,동남,강동,스윗솔트,서울 강동구 상암로 286,37.5454483,127.1541116,se_gd_13.png,979e9d,72726c,524d44,c9ccc7,22251a
312,동남,송파,빌즈 잠실,서울 송파구 올림픽로 300,37.5213517,127.1026097,se_sp_01.png,f4f6f7,322e21,6b5f4a,9d927f,bdc4c7
313,동남,송파,라라브레드,서울 송파구 오금로16길 4,37.5110989,127.1090937,se_sp_02.png,847259,978b7c,302216,604c35,e4ddcd
314,동남,송파,반고흐카페 롯데월드점,서울 송파구 올림픽로 300,37.5213517,127.1026097,se_sp_03.png,626257,d0d2d6,161313,8e8377,b4b2b1
315,동남,송파,뉴질랜드스토리,서울 송파구 석촌호수로 268,37.5096884,127.105707,se_sp_04.png,807f65,54543c,292a1c,aeac9b,dddeda
316,동남,송파,카페드로잉,서울 송파구 송파대로 111,37.4856859,127.1193237,se_sp_05.png,4f4039,7f706c,afa4a0,22211b,dad7d3
317,동남,송파,가배도,서울 송파구 백제고분로45길 6,37.5092297,127.110825,se_sp_06.png,281813,6c4c31,8e7d6e,efe9e6,bbb0a9
318,동남,송파,피치그레이,서울 송파구 가락로21길 14-1,37.5036315,127.1109514,se_sp_07.png,a6a9a2,686153,898578,d3d8d9,302b22
319,동남,송파,서울리즘,서울 송파구 백제고분로 435,37.509745,127.1115349,se_sp_08.png,afb0ad,898886,1a110e,443326,63645a
320,동남,송파,카페단지,서울 송파구 백제고분로45길 12,37.5095858,127.1101331,se_sp_09.png,543d31,b5ab9d,7d7268,e4e4df,172212
321,동남,송파,어나더선데이,서울 송파구 송파대로48길 3,37.5084463,127.1049346,se_sp_10.png,b1a9a0,d1cfcc,837b72,5c5248,2a231e
322,동남,송파,벨라스가든,서울 송파구 백제고분로41길 42-19,37.5100441,127.1062762,se_sp_11.png,2a1b0e,97713d,c0a072,5b3f20,eee5d8
323,동남,송파,고고스,서울 송파구 석촌호수로 197,37.5092404,127.0991543,se_sp_12.png,c6af98,2d2521,614d44,99826b,e8ded6
324,동남,송파,파티세리 도효,서울 송파구 오금로16길 10,37.51076810000001,127.1087221,se_sp_13.png,817973,5c564b,28231a,aaa6a3,e8eaea
